"2024-06-29 22:07:34","08a10f3f-7a07-42c4-a7a3-577619be036f","TODO","hello world"
"2024-06-29 22:17:28","64f4ca17-ca78-43f4-b325-e2d5d10440b5","TODO","hello world"
"2024-06-29 22:17:36","fc006929-c27f-4713-9a40-64c5d373758d","TODO","hello world1"
"2024-07-06 22:16:05","0869b7f5-459a-4bf1-b9a9-4d9c56746ad3","TODO","""This is new todo item."""
"2024-07-06 22:16:05","0869b7f5-459a-4bf1-b9a9-4d9c56746ad3","DONE","""This is new todo item."""
"2024-07-08 17:44:41","fa91698c-8dc0-4ff0-957d-8ef8d0097bd8","TODO","nihao"
"2024-07-06 22:16:05","0869b7f5-459a-4bf1-b9a9-4d9c56746ad3","DELETE","""This is new todo item."""
"2024-06-29 22:17:28","64f4ca17-ca78-43f4-b325-e2d5d10440b5","DELETE","hello world"
"2024-07-06 22:16:05","0869b7f5-459a-4bf1-b9a9-4d9c56746ad3","DELETE","""This is new todo item."""
"2024-07-06 22:16:05","0869b7f5-459a-4bf1-b9a9-4d9c56746ad3","DELETE","""This is new todo item."""
"2024-07-08 19:53:41","55cf7af1-50ef-4c0d-90f9-8da51151aa0a","TODO","你好"
"2024-07-08 19:53:50","f4e32934-41a2-447f-98c8-5902f15eeace","TODO","你好吗？"
"2024-07-08 19:53:41","55cf7af1-50ef-4c0d-90f9-8da51151aa0a","TODO","你好123"
"2024-07-08 19:53:41","55cf7af1-50ef-4c0d-90f9-8da51151aa0a","TODO","你好1231"
"2024-07-08 19:53:41","55cf7af1-50ef-4c0d-90f9-8da51151aa0a","TODO","你好123"
"2024-07-08 19:53:41","55cf7af1-50ef-4c0d-90f9-8da51151aa0a","TODO","你好1231123"
"2024-07-08 19:53:41","55cf7af1-50ef-4c0d-90f9-8da51151aa0a","TODO","你好12311"
"2024-07-08 19:53:41","55cf7af1-50ef-4c0d-90f9-8da51151aa0a","TODO","你好123111"
"2024-07-08 19:53:41","55cf7af1-50ef-4c0d-90f9-8da51151aa0a","TODO","你好1231111"
"2024-07-08 19:53:41","55cf7af1-50ef-4c0d-90f9-8da51151aa0a","TODO","你好123111112"
"2024-07-08 19:53:50","f4e32934-41a2-447f-98c8-5902f15eeace","TODO","你好吗"
"2024-07-08 19:53:41","55cf7af1-50ef-4c0d-90f9-8da51151aa0a","DONE","你好123111112"
"2024-07-08 19:53:41","55cf7af1-50ef-4c0d-90f9-8da51151aa0a","TODO","你好123111112"
"2024-07-08 19:53:41","55cf7af1-50ef-4c0d-90f9-8da51151aa0a","DONE","你好123111112"
"2024-07-08 19:53:41","55cf7af1-50ef-4c0d-90f9-8da51151aa0a","TODO","你好123111112"
"2024-07-08 19:53:41","55cf7af1-50ef-4c0d-90f9-8da51151aa0a","DONE","你好123111112"
"2024-07-08 19:53:41","55cf7af1-50ef-4c0d-90f9-8da51151aa0a","TODO","你好123111112"
"2024-07-08 19:53:50","f4e32934-41a2-447f-98c8-5902f15eeace","DONE","你好吗"
"2024-07-08 19:53:41","55cf7af1-50ef-4c0d-90f9-8da51151aa0a","DONE","你好123111112"
"2024-07-08 19:53:41","55cf7af1-50ef-4c0d-90f9-8da51151aa0a","TODO","你好123111112"
"2024-07-08 19:53:41","55cf7af1-50ef-4c0d-90f9-8da51151aa0a","DONE","你好123111112"
"2024-07-08 19:53:41","55cf7af1-50ef-4c0d-90f9-8da51151aa0a","TODO","你好123111112"
"2024-07-08 19:53:41","55cf7af1-50ef-4c0d-90f9-8da51151aa0a","DONE","你好123111112"
"2024-07-08 19:53:41","55cf7af1-50ef-4c0d-90f9-8da51151aa0a","TODO","你好123111112"
"2024-07-08 19:53:41","55cf7af1-50ef-4c0d-90f9-8da51151aa0a","DONE","你好123111112"
"2024-07-08 19:53:41","55cf7af1-50ef-4c0d-90f9-8da51151aa0a","TODO","你好123111112"
"2024-07-08 19:53:50","f4e32934-41a2-447f-98c8-5902f15eeace","TODO","你好吗"
"2024-07-08 19:53:50","f4e32934-41a2-447f-98c8-5902f15eeace","DONE","你好吗"
"2024-07-08 19:53:41","55cf7af1-50ef-4c0d-90f9-8da51151aa0a","DONE","你好123111112"
"2024-07-08 19:53:41","55cf7af1-50ef-4c0d-90f9-8da51151aa0a","TODO","你好123111112"
"2024-07-08 19:53:41","55cf7af1-50ef-4c0d-90f9-8da51151aa0a","DONE","你好123111112"
"2024-07-08 19:53:41","55cf7af1-50ef-4c0d-90f9-8da51151aa0a","TODO","你好123111112"
"2024-07-08 19:53:50","f4e32934-41a2-447f-98c8-5902f15eeace","TODO","你好吗"
"2024-07-08 19:53:41","55cf7af1-50ef-4c0d-90f9-8da51151aa0a","DONE","你好123111112"
"2024-07-08 19:53:50","f4e32934-41a2-447f-98c8-5902f15eeace","DONE","你好吗"
"2024-07-08 19:53:50","f4e32934-41a2-447f-98c8-5902f15eeace","TODO","你好吗"
"2024-07-08 19:53:41","55cf7af1-50ef-4c0d-90f9-8da51151aa0a","TODO","你好123111112"
"2024-07-08 19:53:41","55cf7af1-50ef-4c0d-90f9-8da51151aa0a","DONE","你好123111112"
"2024-07-08 19:53:41","55cf7af1-50ef-4c0d-90f9-8da51151aa0a","TODO","你好123111112"
"2024-07-08 19:53:41","55cf7af1-50ef-4c0d-90f9-8da51151aa0a","DONE","你好123111112"
"2024-07-08 19:53:50","f4e32934-41a2-447f-98c8-5902f15eeace","DONE","你好吗"
"2024-07-08 17:44:41","fa91698c-8dc0-4ff0-957d-8ef8d0097bd8","DONE","nihao"
"2024-06-29 22:17:36","fc006929-c27f-4713-9a40-64c5d373758d","DONE","hello world1"
"2024-07-08 19:53:41","55cf7af1-50ef-4c0d-90f9-8da51151aa0a","TODO","你好123111112"
"2024-07-08 19:53:50","f4e32934-41a2-447f-98c8-5902f15eeace","TODO","你好吗"
"2024-06-29 22:17:36","fc006929-c27f-4713-9a40-64c5d373758d","TODO","hello world1"
"2024-07-08 17:44:41","fa91698c-8dc0-4ff0-957d-8ef8d0097bd8","DELETE","nihao"
"2024-07-08 19:53:50","f4e32934-41a2-447f-98c8-5902f15eeace","DONE","你好吗"
"2024-07-08 19:53:41","55cf7af1-50ef-4c0d-90f9-8da51151aa0a","DELETE","你好123111112"
"2024-07-08 19:53:50","f4e32934-41a2-447f-98c8-5902f15eeace","DELETE","你好吗"
"2024-06-29 22:17:36","fc006929-c27f-4713-9a40-64c5d373758d","DELETE","hello world1"
"2024-06-29 22:07:34","08a10f3f-7a07-42c4-a7a3-577619be036f","DELETE","hello world"
"2024-07-08 20:41:43","c58a5774-ef21-49bb-873a-bfc77d08dbf4","TODO","读书"
"2024-07-08 20:41:46","66e4da9e-125c-4ace-9d9e-3cc14fded8b0","TODO","运动"
"2024-07-08 20:42:42","c919875c-3a29-488d-a7ef-eb97f23209da","TODO","写代码"
"2024-07-08 20:41:43","c58a5774-ef21-49bb-873a-bfc77d08dbf4","DONE","读书"
